{
  "loss": 0.6091919541358948,
  "accuracy": 0.9817965626716614,
  "n_samples": 22688
}