{
  "loss": 0.5963737964630127,
  "accuracy": 0.9806505441665649,
  "n_samples": 22688
}