{
  "loss": 1.1944921016693115,
  "accuracy": 0.9328719973564148,
  "n_samples": 355
}