{
  "loss": 1.2574163675308228,
  "accuracy": 0.9160349369049072,
  "n_samples": 355
}