{
  "loss": 1.2320200204849243,
  "accuracy": 0.9207951426506042,
  "n_samples": 355
}